,id_doc,original_name
0,Moreno_002,Andalucia
1,Moreno_002,Gibraltar
2,Moreno_003,Alva
3,Moreno_003,Aragon
4,Moreno_003,Castilla
5,Moreno_003,Granada
6,Moreno_003,Granada
7,Moreno_003,Italia
8,Moreno_003,Madrid
9,Moreno_003,Madrid
10,Moreno_003,Madrid
11,Moreno_003,Madrid
12,Moreno_003,Madrid
13,Moreno_003,Saldaña
14,Moreno_003,Viron
15,Moreno_007,Cordoba
16,Moreno_007,Cordoba
17,Moreno_007,Córdoba
18,Moreno_007,Córdoba
19,Moreno_007,Córdoba
20,Moreno_007,Córdoba
21,Moreno_007,Córdoba
22,Moreno_007,Córdoba
23,Moreno_007,Córdoba
24,Moreno_007,Córdoba
25,Moreno_007,Córdoba
26,Moreno_007,Córdoba
27,Moreno_007,Madrid
28,Moreno_007,Madrid
29,Moreno_007,Madrid
30,Moreno_007,Madrid
31,Moreno_007,Madrid
32,Moreno_007,Madrid
33,Moreno_007,Madrid
34,Moreno_007,Madrid
35,Moreno_007,Morena
36,Moreno_007,Sierra
37,Moreno_007,Sierra —
38,Moreno_007,Sierra-Morena
39,Moreno_008,España
40,Moreno_008,Nazoret
41,Moreno_008,Roma
42,Moreno_009,Córdoba
43,Moreno_009,Santa María
44,Moreno_010,Badajoz
45,Moreno_010,Cataluña
46,Moreno_010,Cordoba
47,Moreno_010,España
48,Moreno_010,Flandes
49,Moreno_010,Japon
50,Moreno_010,Roma
51,Moreno_010,Sevilla
52,Moreno_011,Badajoz
53,Moreno_011,Cataluña
54,Moreno_011,Córdoba
55,Moreno_011,España
56,Moreno_011,Flandes
57,Moreno_011,Japon
58,Moreno_011,Roma
59,Moreno_011,Sevilla
60,Moreno_013,Dinamarca
61,Moreno_013,Perú
62,Moreno_013,Ronda
63,Moreno_015,Israel
64,Moreno_015,To -
65,Moreno_016,AUSTRIA
66,Moreno_016,AUSTRIA
67,Moreno_016,Africa
68,Moreno_016,Alba
69,Moreno_016,Aragon
70,Moreno_016,Austria
71,Moreno_016,Austria
72,Moreno_016,Castilla
73,Moreno_016,Castilla
74,Moreno_016,Castilla y
75,Moreno_016,Eguia
76,Moreno_016,Escorial
77,Moreno_016,España
78,Moreno_016,España
79,Moreno_016,España
80,Moreno_016,España
81,Moreno_016,España
82,Moreno_016,Flandes
83,Moreno_016,Francia
84,Moreno_016,Holanda
85,Moreno_016,Indias
86,Moreno_016,Malta
87,Moreno_016,Medina
88,Moreno_016,Nápoles
89,Moreno_016,Portugal
90,Moreno_016,Reyno de
91,Moreno_016,San Lorenzo
92,Moreno_016,San Lorenzo
93,Moreno_016,San Salvador
94,Moreno_016,San Salvador
95,Moreno_016,Sesa
96,Moreno_016,Sevilla
97,Moreno_016,Toledo
98,Moreno_016,Toledo
99,Moreno_016,Ungría
100,Moreno_016,Zaragoza
101,Moreno_016,Zaragoza
102,Moreno_016,Zaragoza
103,Moreno_017,Cartagena
104,Moreno_017,Cartagena
105,Moreno_017,Cartagena
106,Moreno_017,Churriana
107,Moreno_017,España
108,Moreno_017,Gabia
109,Moreno_017,Granada
110,Moreno_017,Granada
111,Moreno_017,Granada
112,Moreno_017,Granada
113,Moreno_017,Ronda
114,Moreno_017,Villa-Martin
115,Moreno_018,Alemania
116,Moreno_018,Cádiz
117,Moreno_018,España
118,Moreno_018,España
119,Moreno_018,Italia
120,Moreno_018,Madrid
121,Moreno_018,Madrid
122,Moreno_018,Madrid
123,Moreno_018,Madrid
124,Moreno_018,Madrid
125,Moreno_018,Madrid
126,Moreno_018,Madrid
127,Moreno_018,Madrid
128,Moreno_018,Rusia
129,Moreno_018,Sevilla
130,Moreno_018,Valencia
131,Moreno_018,Valladolid
132,Moreno_020,Alicante
133,Moreno_020,Alicante
134,Moreno_020,Alicante
135,Moreno_020,Barcelona
136,Moreno_020,Cartagena
137,Moreno_020,Cartagena
138,Moreno_020,Cartagena
139,Moreno_020,Cartagena
140,Moreno_020,Cataluña
141,Moreno_020,España
142,Moreno_020,Roma
143,Moreno_020,Roma
144,Moreno_020,Roma
145,Moreno_020,Roma
146,Moreno_020,Valencia
147,Moreno_020,Valencia
148,Moreno_020,Valencia
149,Moreno_020,Valencia
150,Moreno_020,Valencia
151,Moreno_020,Valencia
152,Moreno_020,Valencia
153,Moreno_020,Valencia
154,Moreno_021,Antequera
155,Moreno_021,Baeza
156,Moreno_021,Baraona
157,Moreno_021,Ungría
158,Moreno_022,Soria
159,Moreno_023,Alba
160,Moreno_023,Alba
161,Moreno_023,España
162,Moreno_023,España
163,Moreno_023,España
164,Moreno_023,España
165,Moreno_023,España
166,Moreno_023,España
167,Moreno_023,España
168,Moreno_023,España
169,Moreno_023,España
170,Moreno_023,España
171,Moreno_023,España
172,Moreno_023,España
173,Moreno_023,Españas
174,Moreno_023,Illescas
175,Moreno_023,Illescas
176,Moreno_023,Illescas
177,Moreno_023,Illescas
178,Moreno_023,Illescas
179,Moreno_023,Illescas
180,Moreno_023,Nàpoles
181,Moreno_023,Nápoles
182,Moreno_023,Nápoles
183,Moreno_023,Nápoles
184,Moreno_023,Nápoles
185,Moreno_023,lllescas
186,Moreno_024,calle de
187,Moreno_025,Belén
188,Moreno_025,Belén
189,Moreno_025,Belén
190,Moreno_025,Belén
191,Moreno_025,Belén
192,Moreno_025,Belén
193,Moreno_026,AUSTRIA
194,Moreno_026,Argel
195,Moreno_026,Armenia
196,Moreno_026,Assambey
197,Moreno_026,Austraia
198,Moreno_026,Austria
199,Moreno_026,Austria
200,Moreno_026,Austria
201,Moreno_026,Austria
202,Moreno_026,Austria
203,Moreno_026,Austria
204,Moreno_026,Austria
205,Moreno_026,Austria
206,Moreno_026,Austria
207,Moreno_026,Austria
208,Moreno_026,Austria
209,Moreno_026,Cairo
210,Moreno_026,Capadocia
211,Moreno_026,Costantinopla
212,Moreno_026,Doria
213,Moreno_026,Esclavonia
214,Moreno_026,España
215,Moreno_026,España
216,Moreno_026,España
217,Moreno_026,España
218,Moreno_026,España
219,Moreno_026,Flandes
220,Moreno_026,Flandes
221,Moreno_026,Florencia
222,Moreno_026,Granada
223,Moreno_026,Italia
224,Moreno_026,Lepanto
225,Moreno_026,Lepanto
226,Moreno_026,Malta
227,Moreno_026,Mesina
228,Moreno_026,Milán
229,Moreno_026,Ocali
230,Moreno_026,Roma
231,Moreno_026,Santa Cruz
232,Moreno_026,Sicilia
233,Moreno_026,Sicilia
234,Moreno_026,Toscana
235,Moreno_026,Trevisonda
236,Moreno_026,Turquia
237,Moreno_026,Turquia
238,Moreno_026,Turquia
239,Moreno_026,Turquía
240,Moreno_026,Turquía
241,Moreno_026,Turquía
242,Moreno_026,Valencia
243,Moreno_026,Venecia
244,Moreno_026,golfo
245,Moreno_026,golfo de
246,Moreno_027,Lisboa
247,Moreno_027,Lisboa
248,Moreno_027,Lisboa
249,Moreno_028,Israel
250,Moreno_029,Cardeña
251,Moreno_029,Castilla
252,Moreno_029,Castilla
253,Moreno_029,Cuenca
254,Moreno_029,Cuenca
255,Moreno_029,España
256,Moreno_029,España
257,Moreno_029,Galicia
258,Moreno_029,Pamplona
259,Moreno_029,Santa Gadea
260,Moreno_029,Santa Gadea
261,Moreno_029,Toledo
262,Moreno_029,Toledo
263,Moreno_029,Toledo
264,Moreno_029,Toledo
265,Moreno_029,Toledo
266,Moreno_029,Toledo
267,Moreno_029,Villena
268,Moreno_029,Zamora
269,Moreno_029,Zamora
270,Moreno_031,Alcalá
271,Moreno_031,Amsterdam
272,Moreno_031,Inglaterra
273,Moreno_031,Perú
274,Moreno_031,Santa
275,Moreno_031,Tetuan
276,Moreno_031,india Oriental
277,Moreno_032,Madrid
278,Moreno_032,Peña Cerrada
279,Moreno_032,Simanca
280,Moreno_032,Simancas
281,Moreno_032,Vizcaya
282,Moreno_032,Vizcaya
283,Moreno_034,calle Llana
284,Moreno_035,Almeria
285,Moreno_035,Barcelona
286,Moreno_035,Buenos
287,Moreno_035,China
288,Moreno_035,Cuba
289,Moreno_035,Habana
290,Moreno_035,Habana
291,Moreno_035,Lóndres
292,Moreno_035,Matanzas
293,Moreno_035,Málaga
294,Moreno_035,Nápoles
295,Moreno_035,Origuilla
296,Moreno_035,Pamplona
297,Moreno_035,Puerto-Rico
298,Moreno_035,Puerto-Rico
299,Moreno_035,Santa Ana
300,Moreno_035,Santo Domingo
301,Moreno_035,Tolon
302,Moreno_035,Valencia
303,Moreno_035,Valladolid
304,Moreno_035,Veracruz
305,Moreno_035,cadiz
306,Moreno_037,Montilla
307,Moreno_039,Barcelona
308,Moreno_039,Berga
309,Moreno_039,Cataluña
310,Moreno_039,España
311,Moreno_039,España
312,Moreno_039,España
313,Moreno_039,España
314,Moreno_039,Flores
315,Moreno_039,Habana
316,Moreno_039,Huelva
317,Moreno_039,Madrid
318,Moreno_039,Morales
319,Moreno_039,Morales
320,Moreno_039,Morales del
321,Moreno_039,Méjico
322,Moreno_039,Pedrajas
323,Moreno_039,Santa Cruz
324,Moreno_039,Sevilla
325,Moreno_039,Zaragoza
326,Moreno_039,calle Bernardo
327,Moreno_039,san Francisco
328,Moreno_040,Alicante
329,Moreno_040,España
330,Moreno_041,Chiclana
331,Moreno_041,Filipinas
332,Moreno_041,Lebrija
333,Moreno_041,Marruecos
334,Moreno_041,Porcuna
335,Moreno_043,Argel
336,Moreno_043,Argel
337,Moreno_043,Argel
338,Moreno_043,Indias
339,Moreno_043,Turquia
340,Moreno_045,Nápoles
341,Moreno_045,Roma
342,Moreno_045,Roma
343,Moreno_045,Roma
344,Moreno_045,Roma
345,Moreno_046,Constantinopla
346,Moreno_046,España
347,Moreno_046,Francia
348,Moreno_046,Francia
349,Moreno_046,Francia
350,Moreno_046,Francia
351,Moreno_046,Portugal
352,Moreno_046,Tartaria
353,Moreno_048,Almeria
354,Moreno_048,Almería
355,Moreno_048,Andalucia
356,Moreno_048,España
357,Moreno_048,Oran
358,Moreno_048,Valencia
359,Moreno_049,Almeria
360,Moreno_049,Almería
361,Moreno_049,Andalucia
362,Moreno_049,España
363,Moreno_049,Orán
364,Moreno_049,Valencia
365,Moreno_051,Adan
366,Moreno_051,España
367,Moreno_051,MADRID
368,Moreno_051,Madrid
369,Moreno_051,Valverde
370,Moreno_051,Valverde
371,Moreno_051,Zaragoza
372,Moreno_051,Zaragoza
373,Moreno_051,Zaragoza
374,Moreno_051,Zaragoza
375,Moreno_051,valverde
376,Moreno_052,España
377,Moreno_053,Madrid
378,Moreno_053,Toro
379,Moreno_054,Austria
380,Moreno_054,Grecia
381,Moreno_054,Viena
382,Moreno_054,Viena
383,Moreno_055,Grecia
384,Moreno_055,Viena
385,Moreno_055,Viena
386,Moreno_056,España
387,Moreno_056,España.
388,Moreno_056,Granada
389,Moreno_056,Santa
390,Moreno_056,Santa Ana
391,Moreno_057,Cadiz
392,Moreno_057,Flandes
393,Moreno_057,Francia
394,Moreno_057,Madrid
395,Moreno_057,París
396,Moreno_057,Sevilla
397,Moreno_058,América
398,Moreno_058,España
399,Moreno_058,Llerena
400,Moreno_058,Zalamea
401,Moreno_059,Andalucia
402,Moreno_059,España
403,Moreno_059,Jeré
404,Moreno_059,Jeré
405,Moreno_059,Mudela
406,Moreno_059,Ronda
407,Moreno_060,Parcaya
408,Moreno_061,Alemani
409,Moreno_061,España
410,Moreno_061,Francia
411,Moreno_061,Francia
412,Moreno_061,Francia
413,Moreno_061,Gante
414,Moreno_061,Roma
415,Moreno_061,Santane
416,Moreno_062,Habana
417,Moreno_063,CANARIAS
418,Moreno_063,Canarias
419,Moreno_063,Canarias
420,Moreno_063,Canarias
421,Moreno_064,Indias
422,Moreno_065,Arsiano
423,Moreno_065,Bujía
424,Moreno_065,Bujía
425,Moreno_065,Bujía
426,Moreno_065,España
427,Moreno_065,Modon
428,Moreno_065,Roma
429,Moreno_065,Roma
430,Moreno_065,Roma
431,Moreno_065,Roma
432,Moreno_065,Roma
433,Moreno_065,Roma
434,Moreno_065,Roma
435,Moreno_065,Roma
436,Moreno_065,Roma
437,Moreno_065,Roma
438,Moreno_065,Roma
439,Moreno_065,Santa Clara
440,Moreno_065,Turquia
441,Moreno_065,Turquía
442,Moreno_065,VALLADOLID
443,Moreno_065,Valladolid
444,Moreno_065,Valladolid
445,Moreno_065,Valladolid
446,Moreno_065,Valladolid
447,Moreno_065,Valladolid
448,Moreno_065,Valladolid
449,Moreno_065,Valladolid
450,Moreno_065,Valladolid
451,Moreno_065,Valladolid
452,Moreno_065,calle de
453,Moreno_066,Bolonia
454,Moreno_066,Bolonia
455,Moreno_066,Italia
456,Moreno_067,Aragon
457,Moreno_067,Murcia
458,Moreno_068,Aguilar
459,Moreno_068,Avila
460,Moreno_068,Avila
461,Moreno_068,Bilbao
462,Moreno_068,Burgos
463,Moreno_068,Carrion de
464,Moreno_068,España
465,Moreno_068,España
466,Moreno_068,España
467,Moreno_068,Miranda
468,Moreno_068,Miranda
469,Moreno_068,Salamanca
470,Moreno_068,Salamanca
471,Moreno_068,Segovia
472,Moreno_068,Valladolid
473,Moreno_068,Zaragoza
474,Moreno_070,Hostia
475,Moreno_070,Laodicea
476,Moreno_070,Roma
477,Moreno_070,Roma
478,Moreno_070,Roma
479,Moreno_070,Roma
480,Moreno_070,Roma
481,Moreno_070,Roma
482,Moreno_070,Roma
483,Moreno_070,Sicilia
484,Moreno_070,Tíver
485,Moreno_070,Vaticano
486,Moreno_072,Castilla
487,Moreno_073,Albania
488,Moreno_073,Dinamarca
489,Moreno_073,Esclavonia
490,Moreno_073,España
491,Moreno_073,Oriente
492,Moreno_073,Siria
493,Moreno_074,Andalucía
494,Moreno_074,Arcos
495,Moreno_074,Arcos
496,Moreno_074,Arcos de
497,Moreno_074,España
498,Moreno_074,Gibraltar
499,Moreno_074,Gibraltar
500,Moreno_074,Gibraltar
501,Moreno_074,Jerez
502,Moreno_074,Sevilla
503,Moreno_074,Sevilla
504,Moreno_074,Sevilla
505,Moreno_074,Sevilla
506,Moreno_074,Sevilla
507,Moreno_074,Sevilla
508,Moreno_075,Andalucía
509,Moreno_075,Arcos
510,Moreno_075,Arcos
511,Moreno_075,Arcos de
512,Moreno_075,España
513,Moreno_075,Gibraltar
514,Moreno_075,Gibraltar
515,Moreno_075,Gibraltar
516,Moreno_075,Jerez
517,Moreno_075,Sevilla
518,Moreno_075,Sevilla
519,Moreno_075,Sevilla
520,Moreno_075,Sevilla
521,Moreno_075,Sevilla
522,Moreno_075,Sevilla
523,Moreno_076,Belen
524,Moreno_076,Belen
525,Moreno_076,Cafarnaum
526,Moreno_076,Canaán
527,Moreno_076,Egipto
528,Moreno_076,Egipto
529,Moreno_076,Galileá
530,Moreno_076,Judéa
531,Moreno_076,Judéa
532,Moreno_076,Nazaret
533,Moreno_076,Nazaret
534,Moreno_076,Nazaret
535,Moreno_076,Oriente
536,Moreno_077,Córdoba
537,Moreno_077,Córdoba
538,Moreno_077,Roma
539,Moreno_077,Salamanca
540,Moreno_077,Sierra-Morena
541,Moreno_077,montañas de
542,Moreno_078,Argel
543,Moreno_078,España
544,Moreno_078,Málaga
545,Moreno_078,Roma
546,Moreno_082,Alarejos
547,Moreno_082,Estremadura
548,Moreno_082,Fuente del
549,Moreno_082,Gavaldon
550,Moreno_082,Madrid
551,Moreno_082,Rute
552,Moreno_082,San Pablo
553,Moreno_082,Simancas
554,Moreno_082,Simancas
555,Moreno_082,Valladolid
556,Moreno_082,Valladolid
557,Moreno_082,Valladolid
558,Moreno_082,Zamora
559,Moreno_083,Alarejos
560,Moreno_083,Estremadura
561,Moreno_083,Fuentes del
562,Moreno_083,Gavaldon
563,Moreno_083,Madrid
564,Moreno_083,Rute
565,Moreno_083,Simancas
566,Moreno_083,Simancas
567,Moreno_083,Valladolid
568,Moreno_083,Valladolid
569,Moreno_083,Valladolid
570,Moreno_083,Zamora
571,Moreno_083,san Pablo
572,Moreno_084,Francia
573,Moreno_084,Francia
574,Moreno_084,Paris
575,Moreno_084,Paris
576,Moreno_085,España
577,Moreno_085,LORCA
578,Moreno_085,Lorca
579,Moreno_085,Lorca
580,Moreno_085,Moya
581,Moreno_085,campo de
582,Moreno_086,Ceuta
583,Moreno_086,Córdoba
584,Moreno_086,Sevilla
585,Moreno_087,Ceuta
586,Moreno_087,Córdoba
587,Moreno_087,Sevilla
588,Moreno_088,Belen
589,Moreno_088,Cartuja
590,Moreno_088,Loreto
591,Moreno_088,Nazaret
592,Moreno_088,indias
593,Moreno_088,romeria
594,Moreno_089,Antequera
595,Moreno_089,Cárpio
596,Moreno_089,Córdoba
597,Moreno_089,Córdoba
598,Moreno_089,Córdoba
599,Moreno_089,Córdoba
600,Moreno_089,Córdoba
601,Moreno_089,Córdoba
602,Moreno_089,Córdoba
603,Moreno_089,España
604,Moreno_089,Sierra Morena
605,Moreno_089,Sierra-Morena
606,Moreno_089,Utrera
607,Moreno_090,Gibrartá
608,Moreno_090,Seviya
609,Moreno_090,Seviya
610,Moreno_091,Asia
611,Moreno_094,Alcarria
612,Moreno_094,Alcarria
613,Moreno_094,Breñigal
614,Moreno_094,egcutoria
615,Moreno_096,Dinamarca
616,Moreno_096,Perú
617,Moreno_097,Vizcalla
618,Moreno_098,Madrid
619,Moreno_099,Flandes
620,Moreno_099,Palencia
621,Moreno_100,Grecia
622,Moreno_100,Roma
623,Moreno_101,Calvario
624,Moreno_101,Josafat
625,Moreno_101,Josafut
626,Moreno_101,calle de
627,Moreno_102,Galicia
628,Moreno_103,Alcoléa
629,Moreno_103,Alpujarras
630,Moreno_103,Amaltea
631,Moreno_103,Archidona
632,Moreno_103,Caspe
633,Moreno_103,Ceuta
634,Moreno_103,España
635,Moreno_103,Huesca
636,Moreno_103,Marbella
637,Moreno_103,Montejucar
638,Moreno_103,Málaga
639,Moreno_103,Pamplona
640,Moreno_103,Riogerdo
641,Moreno_103,Salobreña
642,Moreno_103,Sevilla
643,Moreno_103,calle Nueva
644,Moreno_104,Alameda
645,Moreno_104,Alcolea
646,Moreno_104,Alpujarras
647,Moreno_104,Amaltéa
648,Moreno_104,Antequera
649,Moreno_104,Cartagena
650,Moreno_104,Ceuta
651,Moreno_104,Granada
652,Moreno_104,Granada
653,Moreno_104,Marbella
654,Moreno_104,Montegica
655,Moreno_104,Málaga
656,Moreno_104,Rio Gordo
657,Moreno_104,Ronda
658,Moreno_104,Salobreña
659,Moreno_104,calle Nueva
660,Moreno_104,monte de
661,Moreno_105,Calvario
662,Moreno_105,Egipto
663,Moreno_105,calle de
664,Moreno_106,Calvario
665,Moreno_106,Egipto
666,Moreno_106,calle de
667,Moreno_108,Cádiz
668,Moreno_110,Barcelona
669,Moreno_110,Barcelona
670,Moreno_110,Barcelona
671,Moreno_110,Barcelona
672,Moreno_110,España
673,Moreno_110,España
674,Moreno_110,España
675,Moreno_110,Galera
676,Moreno_112,Brabante
677,Moreno_112,Brabante
678,Moreno_112,Brabante
679,Moreno_112,Brabante
680,Moreno_112,Galia
681,Moreno_113,Jaen
682,Moreno_114,Tetuan
683,Moreno_115,Tetuan
684,Moreno_117,España
685,Moreno_117,España
686,Moreno_117,España
687,Moreno_117,Francia
688,Moreno_117,Francia
689,Moreno_117,Francia
690,Moreno_117,Francia
691,Moreno_117,Italia
692,Moreno_117,Italia
693,Moreno_117,PALERMO
694,Moreno_117,Palermo
695,Moreno_117,Palermo
696,Moreno_117,Palermo
697,Moreno_117,Quisquina
698,Moreno_117,Rosas
699,Moreno_117,Rosas
700,Moreno_117,Salvador
701,Moreno_117,Sicilia
702,Moreno_117,Sicilia
703,Moreno_117,Sicilia
704,Moreno_117,monte Peregrino
705,Moreno_117,monte Peregrino
706,Moreno_117,monte de
707,Moreno_118,España
708,Moreno_118,España
709,Moreno_118,España
710,Moreno_118,Francia
711,Moreno_118,Francia
712,Moreno_118,Francia
713,Moreno_118,Francia
714,Moreno_118,Italia
715,Moreno_118,Italia
716,Moreno_118,PALERMO
717,Moreno_118,Palermo
718,Moreno_118,Palermo
719,Moreno_118,Palermo
720,Moreno_118,Quisquina
721,Moreno_118,Rosas
722,Moreno_118,Rosas
723,Moreno_118,Salvador
724,Moreno_118,Sicilia
725,Moreno_118,Sicilia
726,Moreno_118,Sicilia
727,Moreno_118,monte Peregrino
728,Moreno_118,monte Peregrino
729,Moreno_118,monte de
730,Moreno_119,Aranjuez
731,Moreno_119,Cádiz
732,Moreno_119,Gibraltar
733,Moreno_119,Indias
734,Moreno_119,Madrid
735,Moreno_119,Madrid
736,Moreno_119,Valdemoro
737,Moreno_120,ALCOY
738,Moreno_120,Alcoy
739,Moreno_121,Cadiz
740,Moreno_121,Castilla
741,Moreno_121,Córdoba
742,Moreno_121,Córdoba
743,Moreno_121,Córdoba
744,Moreno_121,España
745,Moreno_121,España
746,Moreno_121,España
747,Moreno_121,España
748,Moreno_121,España
749,Moreno_121,España
750,Moreno_121,España
751,Moreno_121,Fspaña
752,Moreno_121,Indias
753,Moreno_121,Indias
754,Moreno_121,Indias
755,Moreno_121,Indias
756,Moreno_121,Indias
757,Moreno_121,Indias
758,Moreno_121,Lima
759,Moreno_121,Lima
760,Moreno_121,Lima
761,Moreno_121,Madrid
762,Moreno_121,Vera-Cruz
763,Moreno_121,Vera-Cruz
764,Moreno_121,deCordoba
765,Moreno_121,españa
766,Moreno_121,indias
767,Moreno_121,lima
768,Moreno_122,Cadiz
769,Moreno_122,Castilla
770,Moreno_122,Córdoba
771,Moreno_122,Córdoba
772,Moreno_122,Córdoba
773,Moreno_122,Córdoba
774,Moreno_122,España
775,Moreno_122,España
776,Moreno_122,España
777,Moreno_122,España
778,Moreno_122,España
779,Moreno_122,España
780,Moreno_122,España
781,Moreno_122,España
782,Moreno_122,España
783,Moreno_122,Indias
784,Moreno_122,Indias
785,Moreno_122,Indias
786,Moreno_122,Indias
787,Moreno_122,Indias
788,Moreno_122,Indias
789,Moreno_122,Indias
790,Moreno_122,Lima
791,Moreno_122,Lima
792,Moreno_122,Lima
793,Moreno_122,Lima
794,Moreno_122,Madrid
795,Moreno_122,Veracruz
796,Moreno_122,Veracruz
797,Moreno_123,Jalapa
798,Moreno_123,Jalapa
799,Moreno_123,Valencia
800,Moreno_123,Valencia
801,Moreno_124,Espital
802,Moreno_124,Madrid
803,Moreno_125,Calvario
804,Moreno_125,Roma
805,Moreno_126,Calvario
806,Moreno_126,Roma
807,Moreno_127,España
808,Moreno_127,Españá
809,Moreno_127,Ungria
810,Moreno_127,Ungría
811,Moreno_128,Liserda
812,Moreno_128,Parnaso
813,Moreno_129,Argel
814,Moreno_129,Argel
815,Moreno_129,Argel
816,Moreno_129,Argel
817,Moreno_129,Argel
818,Moreno_129,Bayona
819,Moreno_129,Coruña
820,Moreno_129,Coruña
821,Moreno_129,España
822,Moreno_129,Venecia
823,Moreno_129,Venecia
824,Moreno_130,Cabra
825,Moreno_130,Cadiz
826,Moreno_131,Cabra
827,Moreno_131,Cádiz
828,Moreno_132,Aranjuéz
829,Moreno_132,Escorialo
830,Moreno_132,Inglaterra
831,Moreno_132,Lóndres
832,Moreno_132,Madrid
833,Moreno_132,Mur -
834,Moreno_132,Versalles
835,Moreno_133,Aranjuéz
836,Moreno_133,Escorial
837,Moreno_133,Inglaterra
838,Moreno_133,Lóndres
839,Moreno_133,Madrid
840,Moreno_133,Murcia
841,Moreno_133,Versalles
842,Moreno_134,Castro
843,Moreno_134,Córdoba
844,Moreno_134,España
845,Moreno_134,España
846,Moreno_134,Santa Isabel
847,Moreno_134,Sierra-Morena
848,Moreno_134,Sierra-Morena
849,Moreno_134,Trujillo
850,Moreno_134,Trujillo
851,Moreno_134,Trujillo
852,Moreno_134,Trujillo
853,Moreno_135,Belén
854,Moreno_135,Calvario
855,Moreno_135,Jeruzalen
856,Moreno_135,Nazaret
857,Moreno_136,Belén
858,Moreno_136,Calvario
859,Moreno_136,Jerusalen
860,Moreno_136,Nazaret
861,Moreno_137,San Anton
862,Moreno_138,Alejandría
863,Moreno_138,Valencia
864,Moreno_139,Hungría
865,Moreno_140,Hungria
866,Moreno_141,España
867,Moreno_142,España
868,Moreno_143,Valencia
869,Moreno_143,Valencia
870,Moreno_146,Valencia
871,Moreno_146,Valencia
872,Moreno_147,Cabra
873,Moreno_147,España
874,Moreno_147,Granada
875,Moreno_147,Granada
876,Moreno_147,Granada
877,Moreno_147,Mezquita
878,Moreno_147,Santa Fé
879,Moreno_147,Santa Fé
880,Moreno_147,Vega
881,Moreno_148,Samaria
882,Moreno_148,Samaria
883,Moreno_148,Samaria
884,Moreno_148,Samaria
885,Moreno_149,Castilla
886,Moreno_149,Sevilla
887,Moreno_149,Sevilla
888,Moreno_149,Sevilla
889,Moreno_150,Calvario
890,Moreno_150,Jetsemaní
891,Moreno_150,Roma
892,Moreno_150,Ungria
893,Moreno_151,Aranjuéz
894,Moreno_151,MADRID
895,Moreno_151,Madrid
896,Moreno_151,Pinton
897,Moreno_153,Albania
898,Moreno_153,Antequera
899,Moreno_153,Antequera
900,Moreno_153,Antequera
901,Moreno_153,Antequera
902,Moreno_153,Antequera
903,Moreno_153,Argel
904,Moreno_153,Argel
905,Moreno_153,Argel
906,Moreno_153,Argel
907,Moreno_153,Argel
908,Moreno_153,España
909,Moreno_153,España
910,Moreno_153,España
911,Moreno_153,España
912,Moreno_153,España
913,Moreno_153,España
914,Moreno_153,España
915,Moreno_153,España
916,Moreno_153,Lacerda
917,Moreno_153,Lacerda
918,Moreno_153,Lacerda
919,Moreno_153,Málaga
920,Moreno_153,Nápoles
921,Moreno_153,Palermo
922,Moreno_153,Palermo
923,Moreno_153,Palermo
924,Moreno_153,Palermo
925,Moreno_153,Palermo
926,Moreno_153,Sicilia
927,Moreno_153,Sicilia
928,Moreno_153,Tunez
929,Moreno_153,Túnez
930,Moreno_154,Albania
931,Moreno_154,Antequera
932,Moreno_154,Antequera
933,Moreno_154,Antequera
934,Moreno_154,Antequera
935,Moreno_154,Antequera
936,Moreno_154,Argél
937,Moreno_154,Argél
938,Moreno_154,Argél
939,Moreno_154,Argél
940,Moreno_154,España
941,Moreno_154,España
942,Moreno_154,España
943,Moreno_154,España
944,Moreno_154,España
945,Moreno_154,España
946,Moreno_154,España
947,Moreno_154,España
948,Moreno_154,Lacerda
949,Moreno_154,Lacerda
950,Moreno_154,Lacerda
951,Moreno_154,Málaga
952,Moreno_154,Nápoles
953,Moreno_154,Palermo
954,Moreno_154,Palermo
955,Moreno_154,Palermo
956,Moreno_154,Palermo
957,Moreno_154,Palermo
958,Moreno_154,Sicilia
959,Moreno_154,Sicilia
960,Moreno_154,Túnez
961,Moreno_154,Túnez
962,Moreno_155,Palencia
963,Moreno_156,España
964,Moreno_156,Flandes
965,Moreno_156,Jumilla
966,Moreno_156,Murcia
967,Moreno_156,Valencia
968,Moreno_157,Estremadura
969,Moreno_157,Madrid
970,Moreno_157,Madrid
971,Moreno_157,Sevilla
972,Moreno_158,Monasterio de
973,Moreno_158,Segovia
974,Moreno_158,Segovia
975,Moreno_158,Segovia
976,Moreno_158,Troya
977,Moreno_159,Conventó
978,Moreno_159,Monasterio de
979,Moreno_159,Segovia
980,Moreno_159,Segovia
981,Moreno_159,Segovia
982,Moreno_159,Troya
983,Moreno_160,castilla
984,Moreno_161,To -
985,Moreno_162,Israel
986,Moreno_162,Nazareth
987,Moreno_162,Santa Isabel
988,Moreno_163,Israel
989,Moreno_163,Jerusalen
990,Moreno_163,Nazareth
991,Moreno_163,Santa Isabel
992,Moreno_164,Baza
993,Moreno_164,Ceuta
994,Moreno_164,Ceuta
995,Moreno_164,Ceuta
996,Moreno_164,Granada
997,Moreno_164,Granada
998,Moreno_164,Jaen
999,Moreno_164,Jaen
1000,Moreno_164,Jaen
1001,Moreno_164,Jaén
1002,Moreno_164,Malaga
1003,Moreno_164,Málaga
1004,Moreno_164,Málaga
1005,Moreno_164,Sevilla
1006,Moreno_164,Valencia
1007,Moreno_164,playa de
1008,Moreno_165,CORDOBA
1009,Moreno_165,Córdoba
1010,Moreno_166,Baeza
1011,Moreno_166,Melonar
1012,Moreno_167,Austria
1013,Moreno_167,Austria
1014,Moreno_167,Austria
1015,Moreno_167,Austria
1016,Moreno_167,Babilonia
1017,Moreno_167,Constantinopla
1018,Moreno_167,España
1019,Moreno_167,España
1020,Moreno_167,España
1021,Moreno_167,España
1022,Moreno_167,Francia
1023,Moreno_167,Francia
1024,Moreno_167,Holanda
1025,Moreno_167,Holanda
1026,Moreno_167,Imperio Otomano
1027,Moreno_167,Inglaterra
1028,Moreno_167,Inglaterra
1029,Moreno_167,Turquia
1030,Moreno_167,Turquia
1031,Moreno_168,Austria
1032,Moreno_168,Austria
1033,Moreno_168,Austria
1034,Moreno_168,Austria
1035,Moreno_168,Babilonia
1036,Moreno_168,Constantinopla
1037,Moreno_168,Es -
1038,Moreno_168,España
1039,Moreno_168,España
1040,Moreno_168,España
1041,Moreno_168,Francia
1042,Moreno_168,Francia
1043,Moreno_168,Holanda
1044,Moreno_168,Holanda
1045,Moreno_168,Imperio Otomano
1046,Moreno_168,Inglaterra
1047,Moreno_168,Inglaterra
1048,Moreno_168,Meca
1049,Moreno_168,Turquia
1050,Moreno_168,Turquia
1051,Moreno_169,Castilla
1052,Moreno_169,Francia
1053,Moreno_170,Argel
1054,Moreno_170,CADIZ
1055,Moreno_170,Cadiz
1056,Moreno_170,Cadiz
1057,Moreno_170,Cadiz
1058,Moreno_170,Cadiz
1059,Moreno_170,Cadiz
1060,Moreno_170,Cádiz
1061,Moreno_170,Cádiz
1062,Moreno_170,Cádiz
1063,Moreno_170,España
1064,Moreno_170,España
1065,Moreno_170,España
1066,Moreno_170,España
1067,Moreno_170,España
1068,Moreno_170,Indias
1069,Moreno_170,Indias
1070,Moreno_170,Indias
1071,Moreno_170,Indias
1072,Moreno_170,Indias
1073,Moreno_170,Indias
1074,Moreno_170,Indias
1075,Moreno_170,Indias
1076,Moreno_170,indias
1077,Moreno_172,Laca
1078,Moreno_172,Soria
1079,Moreno_172,Soria
1080,Moreno_172,Soria
1081,Moreno_173,Es -
1082,Moreno_173,España
1083,Moreno_173,España
1084,Moreno_173,Española
1085,Moreno_173,ITALIA
1086,Moreno_173,Italia
1087,Moreno_173,Italia
1088,Moreno_173,Italia
1089,Moreno_173,Italía
1090,Moreno_173,Roma
1091,Moreno_173,Sevilla
1092,Moreno_173,Sevilla
1093,Moreno_173,Sevilla
1094,Moreno_173,Sevilla
1095,Moreno_173,Viterbo
1096,Moreno_174,Constantinopla
1097,Moreno_174,Cáiro
1098,Moreno_174,España
1099,Moreno_174,Flandes
1100,Moreno_174,Flandes
1101,Moreno_174,Frigia
1102,Moreno_174,Jauja
1103,Moreno_174,Mantible
1104,Moreno_174,Meca
1105,Moreno_174,Niquea
1106,Moreno_174,Turquia
1107,Moreno_176,Andalucia
1108,Moreno_176,Andalucías
1109,Moreno_176,Arriate
1110,Moreno_176,Arriate
1111,Moreno_176,Cartagena
1112,Moreno_176,Cartagena
1113,Moreno_176,Cañete
1114,Moreno_176,Cañete
1115,Moreno_176,Cañete la
1116,Moreno_176,Cañete la
1117,Moreno_176,Gibraltar
1118,Moreno_176,Granada
1119,Moreno_176,Granada
1120,Moreno_176,Granada
1121,Moreno_176,Granada
1122,Moreno_176,Guadix
1123,Moreno_176,Murcia
1124,Moreno_176,Málaga
1125,Moreno_176,Málaga
1126,Moreno_176,Osuna
1127,Moreno_176,Osuna
1128,Moreno_176,Ronda
1129,Moreno_176,Ronda
1130,Moreno_176,Virgan
1131,Moreno_176,convento de
1132,Moreno_176,galeras
1133,Moreno_177,Andalucía
1134,Moreno_177,Cartagena
1135,Moreno_177,Cartagena
1136,Moreno_177,Cañete
1137,Moreno_177,Cañete la
1138,Moreno_177,Cañete la
1139,Moreno_177,Convento de
1140,Moreno_177,Gibraltar
1141,Moreno_177,Granada
1142,Moreno_177,Granada
1143,Moreno_177,Granada
1144,Moreno_177,Granadá
1145,Moreno_177,Guadix
1146,Moreno_177,Malaga
1147,Moreno_177,Murcia
1148,Moreno_177,Málga
1149,Moreno_177,Osuna
1150,Moreno_177,Osuna
1151,Moreno_177,Plaza
1152,Moreno_177,Ronda
1153,Moreno_177,Ronda
1154,Moreno_177,Virgan
1155,Moreno_178,España
1156,Moreno_179,Adra
1157,Moreno_179,Adra
1158,Moreno_179,Africa
1159,Moreno_179,Africa
1160,Moreno_179,Africa
1161,Moreno_179,Alhambra
1162,Moreno_179,Alhambra
1163,Moreno_179,Andalucia
1164,Moreno_179,Cartagena
1165,Moreno_179,Castilla
1166,Moreno_179,España
1167,Moreno_179,España
1168,Moreno_179,España
1169,Moreno_179,Granada
1170,Moreno_179,Granada
1171,Moreno_179,Granada
1172,Moreno_179,Granada
1173,Moreno_179,Granada
1174,Moreno_179,Granada
1175,Moreno_179,Granada
1176,Moreno_179,Granada
1177,Moreno_179,Granada
1178,Moreno_179,Granada
1179,Moreno_179,Granada
1180,Moreno_179,Mula
1181,Moreno_179,Santa
1182,Moreno_179,Santa Fé
1183,Moreno_179,Talavera
1184,Moreno_179,Vega de
1185,Moreno_179,Vivarrambla
1186,Moreno_179,Zacatin
1187,Moreno_179,torre de
1188,Moreno_179,torre de
1189,Moreno_180,Adra
1190,Moreno_180,Adra
1191,Moreno_180,Africa
1192,Moreno_180,Africa
1193,Moreno_180,Africa
1194,Moreno_180,Alhambra
1195,Moreno_180,Alhambra
1196,Moreno_180,Andalucía
1197,Moreno_180,Cartagena
1198,Moreno_180,Castilla
1199,Moreno_180,España
1200,Moreno_180,España
1201,Moreno_180,España
1202,Moreno_180,Granada
1203,Moreno_180,Granada
1204,Moreno_180,Granada
1205,Moreno_180,Granada
1206,Moreno_180,Granada
1207,Moreno_180,Granada
1208,Moreno_180,Granada
1209,Moreno_180,Granada
1210,Moreno_180,Granada
1211,Moreno_180,Granada
1212,Moreno_180,Granada
1213,Moreno_180,Mula
1214,Moreno_180,Santa
1215,Moreno_180,Santa Fé
1216,Moreno_180,Talavera
1217,Moreno_180,Vega de
1218,Moreno_180,Vivarrambla
1219,Moreno_180,Zacatin
1220,Moreno_180,torre de
1221,Moreno_180,torre de
1222,Moreno_181,Cabra
1223,Moreno_181,Guinea
1224,Moreno_181,Parra
1225,Moreno_181,Teba
1226,Moreno_181,Toledo
1227,Moreno_181,andalucía
1228,Moreno_181,de Dios
1229,Moreno_182,Andalucía
1230,Moreno_182,Cabra
1231,Moreno_182,Parra
1232,Moreno_182,Teba
1233,Moreno_182,Toledo
1234,Moreno_183,Elena
1235,Moreno_183,Madrid
1236,Moreno_183,Ponferrada
1237,Moreno_184,Andalucía
1238,Moreno_184,Argel
1239,Moreno_184,Carabanchel
1240,Moreno_184,Ceuta
1241,Moreno_184,Constantinopla
1242,Moreno_184,Despeñaperros
1243,Moreno_184,Madrid
1244,Moreno_184,Málaga
1245,Moreno_184,Málaga
1246,Moreno_184,Tanger
1247,Moreno_184,Tanger
1248,Moreno_184,Toledo
1249,Moreno_184,Toledo
1250,Moreno_186,Calvario
1251,Moreno_186,Moreno
1252,Moreno_186,de Dios
1253,Moreno_187,Albania
1254,Moreno_187,Calidonia
1255,Moreno_187,Colcos
1256,Moreno_187,Constantinopla
1257,Moreno_187,Constatinopla
1258,Moreno_187,Damario
1259,Moreno_187,Esparta
1260,Moreno_187,Etna
1261,Moreno_187,Francia
1262,Moreno_187,Francia
1263,Moreno_187,Francia
1264,Moreno_187,Marruecos
1265,Moreno_187,Mongibélo
1266,Moreno_187,Moscovia
1267,Moreno_187,Paris
1268,Moreno_187,París
1269,Moreno_187,Polonia
1270,Moreno_187,Real Plaza
1271,Moreno_187,Tracia
1272,Moreno_188,Calvario
1273,Moreno_189,Calvario
1274,Moreno_190,Antequera
1275,Moreno_190,España
1276,Moreno_190,España
1277,Moreno_190,MADRID
1278,Moreno_190,MADRID
1279,Moreno_190,Madrid
1280,Moreno_190,Madrid
1281,Moreno_190,Madrid
1282,Moreno_190,Madrid
1283,Moreno_190,Malta
1284,Moreno_190,Rosellón
1285,Moreno_191,Antequera
1286,Moreno_191,España
1287,Moreno_191,España
1288,Moreno_191,MADRID
1289,Moreno_191,MADRID
1290,Moreno_191,Madrid
1291,Moreno_191,Madrid
1292,Moreno_191,Madrid
1293,Moreno_191,Madrid
1294,Moreno_191,Malta
1295,Moreno_191,Rosellón
1296,Moreno_192,España
1297,Moreno_192,España
1298,Moreno_192,España
1299,Moreno_192,Francia
1300,Moreno_192,Jarama
1301,Moreno_192,Roma
1302,Moreno_193,España
1303,Moreno_194,Colcos
1304,Moreno_195,Calvario
1305,Moreno_196,SEVILLA
1306,Moreno_196,españa
1307,Moreno_197,Valen -
1308,Moreno_198,Andalusía
1309,Moreno_198,España
1310,Moreno_198,España
1311,Moreno_198,Sevilla
1312,Moreno_198,Utrera
1313,Moreno_198,Utrera
1314,Moreno_198,de Santa
1315,Moreno_200,Egipto
1316,Moreno_200,Samaria
1317,Moreno_200,Tebaida
1318,Moreno_200,Villa-Franca
1319,Moreno_200,Villa-Franca
1320,Moreno_200,de las
1321,Moreno_200,montes del
1322,Moreno_200,torre de
1323,Moreno_201,Cádiz
1324,Moreno_201,España
1325,Moreno_201,Indias
1326,Moreno_201,Indias
1327,Moreno_201,Jerez
1328,Moreno_201,Jerez
1329,Moreno_201,Jerez
1330,Moreno_201,Oriente
1331,Moreno_201,Padua
1332,Moreno_201,Padua
1333,Moreno_203,Alejandría
1334,Moreno_203,Argel
1335,Moreno_203,Baviera
1336,Moreno_203,China
1337,Moreno_203,Colombia
1338,Moreno_203,Dinamarca
1339,Moreno_203,Francia
1340,Moreno_203,Habana
1341,Moreno_203,Irlanda
1342,Moreno_203,Italia
1343,Moreno_203,Manila
1344,Moreno_203,Martiníca
1345,Moreno_203,Navarra
1346,Moreno_203,Portugal
1347,Moreno_203,Prusia
1348,Moreno_203,Puebla
1349,Moreno_203,Puerto-Rico
1350,Moreno_203,Rusia
1351,Moreno_203,Tampico
1352,Moreno_203,Turquia
1353,Moreno_203,islas Dinamarquesas
1354,Moreno_204,Leréo
1355,Moreno_204,Marruecos
1356,Moreno_204,Medellin
1357,Moreno_204,Samaríá
1358,Moreno_205,Marruecos
1359,Moreno_205,Medellin
1360,Moreno_205,Samaría
1361,Moreno_205,rio do
1362,Moreno_206,Antequera
1363,Moreno_206,Antequera
1364,Moreno_206,Antequera
1365,Moreno_206,Antequera
1366,Moreno_206,Carmona
1367,Moreno_206,Carmona
1368,Moreno_206,FRIAS
1369,Moreno_206,Frias
1370,Moreno_206,Frias
1371,Moreno_206,Frias
1372,Moreno_206,Frias
1373,Moreno_206,Frias
1374,Moreno_206,Frias
1375,Moreno_206,Malaga
1376,Moreno_206,San Salvador
1377,Moreno_206,Sevilla
1378,Moreno_206,Sevilla
1379,Moreno_206,Sevilla
1380,Moreno_206,Sevilla
1381,Moreno_206,Sevilla
1382,Moreno_206,Venta
1383,Moreno_206,Venta
1384,Moreno_207,Antequera
1385,Moreno_207,Antequera
1386,Moreno_207,Antequera
1387,Moreno_207,Antequera
1388,Moreno_207,Carmona
1389,Moreno_207,Carmona
1390,Moreno_207,FRIAS
1391,Moreno_207,Frias
1392,Moreno_207,Frias
1393,Moreno_207,Frias
1394,Moreno_207,Frias
1395,Moreno_207,Frias
1396,Moreno_207,Frias
1397,Moreno_207,Frias
1398,Moreno_207,Málaga
1399,Moreno_207,San Salvador
1400,Moreno_207,Sevilla
1401,Moreno_207,Sevilla
1402,Moreno_207,Sevilla
1403,Moreno_207,Sevilla
1404,Moreno_207,Sevilla
1405,Moreno_209,Albania
1406,Moreno_209,Bar -
1407,Moreno_209,Barcelona
1408,Moreno_209,Barcelona
1409,Moreno_209,Barcelona
1410,Moreno_209,Barcelona
1411,Moreno_209,Barcelona
1412,Moreno_209,Barcelona
1413,Moreno_209,España
1414,Moreno_209,España
1415,Moreno_209,España
1416,Moreno_209,España
1417,Moreno_209,España
1418,Moreno_209,Irlanda
1419,Moreno_209,Irlanda
1420,Moreno_209,Irlanda
1421,Moreno_209,Irlanda
1422,Moreno_209,Irlanda
1423,Moreno_209,Milan
1424,Moreno_209,Milan
1425,Moreno_209,Milan
1426,Moreno_209,Noruega
1427,Moreno_209,Oriente
1428,Moreno_209,Oriente
1429,Moreno_209,Oriente
1430,Moreno_209,atlántico
1431,Moreno_210,Albania
1432,Moreno_210,Barcelona
1433,Moreno_210,Barcelona
1434,Moreno_210,Barcelona
1435,Moreno_210,Barcelona
1436,Moreno_210,Barcelona
1437,Moreno_210,Barcelona
1438,Moreno_210,Barcelona
1439,Moreno_210,Barcelona
1440,Moreno_210,España
1441,Moreno_210,España
1442,Moreno_210,España
1443,Moreno_210,España
1444,Moreno_210,España
1445,Moreno_210,Irlanda
1446,Moreno_210,Irlanda
1447,Moreno_210,Irlanda
1448,Moreno_210,Irlanda
1449,Moreno_210,Irlanda
1450,Moreno_210,Irlanda
1451,Moreno_210,Milan
1452,Moreno_210,Milan
1453,Moreno_210,Milan
1454,Moreno_210,Noruega
1455,Moreno_210,atlantico
1456,Moreno_211,Sion
1457,Moreno_211,Torre de
1458,Moreno_212,Argel
1459,Moreno_212,Barcelona
1460,Moreno_212,Barcelona
1461,Moreno_212,Barcelona
1462,Moreno_212,Barcelona
1463,Moreno_212,Carmona
1464,Moreno_212,España
1465,Moreno_212,Orán
1466,Moreno_212,Orán
1467,Moreno_212,Orán
1468,Moreno_212,Orán
1469,Moreno_212,Orán
1470,Moreno_212,Turquía
1471,Moreno_212,Turquía
1472,Moreno_213,Judéa
1473,Moreno_214,Judéa
1474,Moreno_215,Pileta
1475,Moreno_215,Toleo
1476,Moreno_215,Toleo
1477,Moreno_216,Pileta
1478,Moreno_216,Toleo
1479,Moreno_216,Toleo
1480,Moreno_218,CADIZ
1481,Moreno_218,CADIZ
1482,Moreno_221,Argél
1483,Moreno_221,Meca
1484,Moreno_221,Motril
1485,Moreno_221,Plaza
1486,Moreno_221,Toledo
1487,Moreno_221,Toledo
1488,Moreno_221,Toledo
1489,Moreno_221,Valencia
1490,Moreno_222,Argél
1491,Moreno_222,Meca
1492,Moreno_222,Plaza
1493,Moreno_222,Toledo
1494,Moreno_222,Toledo
1495,Moreno_222,Toledo
1496,Moreno_222,Valencia
1497,Moreno_224,ARGEL
1498,Moreno_224,Aficante
1499,Moreno_224,Alicante
1500,Moreno_224,Alicante
1501,Moreno_224,Alicante
1502,Moreno_224,Alicante
1503,Moreno_224,Alicante
1504,Moreno_224,Argel
1505,Moreno_224,Argel
1506,Moreno_224,Argel
1507,Moreno_224,Argel
1508,Moreno_224,Argel
1509,Moreno_224,Argeí
1510,Moreno_224,Cartagena
1511,Moreno_224,España
1512,Moreno_224,España
1513,Moreno_224,España
1514,Moreno_224,Tunez
1515,Moreno_225,Jerusalen
1516,Moreno_225,Roma
1517,Moreno_226,Algeciras
1518,Moreno_226,Barcelona
1519,Moreno_226,CADIZ
1520,Moreno_226,Chiclana
1521,Moreno_226,Chiclana
1522,Moreno_226,Cádiz
1523,Moreno_226,España
1524,Moreno_226,Estepona
1525,Moreno_226,Habana
1526,Moreno_226,Marbella
1527,Moreno_226,Monturque
1528,Moreno_226,Málaga
1529,Moreno_226,Palma
1530,Moreno_226,Rota
1531,Moreno_226,San
1532,Moreno_226,San Juan
1533,Moreno_226,Sanlucar
1534,Moreno_226,Sevilla
1535,Moreno_226,Valencia
1536,Moreno_226,Valencia
1537,Moreno_226,calle de
1538,Moreno_226,plaza
1539,Moreno_226,plaza de
1540,Moreno_227,Alcazar
1541,Moreno_227,Granaa
1542,Moreno_227,SEVILLA
1543,Moreno_227,Tablaa
1544,Moreno_227,Triana
1545,Moreno_228,Alicante
1546,Moreno_228,Almazan
1547,Moreno_228,Almería
1548,Moreno_228,Aragon
1549,Moreno_228,Asturias
1550,Moreno_228,Atienza
1551,Moreno_228,Bañeza
1552,Moreno_228,Benavente
1553,Moreno_228,Bilbao
1554,Moreno_228,Cantillana
1555,Moreno_228,Cartagena
1556,Moreno_228,Cartagena
1557,Moreno_228,Cazalla
1558,Moreno_228,Ciudad-Real
1559,Moreno_228,Ciudad-Real
1560,Moreno_228,Ciudad-Real
1561,Moreno_228,Coca
1562,Moreno_228,Cuenca
1563,Moreno_228,Córdoba
1564,Moreno_228,Gijon
1565,Moreno_228,Granada
1566,Moreno_228,Granada
1567,Moreno_228,Granada
1568,Moreno_228,Guadarrama
1569,Moreno_228,Guadix
1570,Moreno_228,Leon
1571,Moreno_228,Madrid
1572,Moreno_228,Madrid
1573,Moreno_228,Murcia
1574,Moreno_228,Orihuela
1575,Moreno_228,Pamplona
1576,Moreno_228,Rioja
1577,Moreno_228,Sierra-Morena
1578,Moreno_228,Sigüenza
1579,Moreno_228,Soria
1580,Moreno_228,Tarazona
1581,Moreno_228,Tarragona
1582,Moreno_228,Toledo
1583,Moreno_228,Valencia
1584,Moreno_228,Valvanera
1585,Moreno_228,Verlanga
1586,Moreno_228,Villanueva de
1587,Moreno_228,Vizana
1588,Moreno_228,Vizcaya
1589,Moreno_228,Zaragoza
1590,Moreno_228,monte de
1591,Moreno_229,Jerez de
1592,Moreno_229,Potosí
1593,Moreno_230,Alba
1594,Moreno_230,Austria
1595,Moreno_230,Esclavonia
1596,Moreno_230,España
1597,Moreno_230,Mantuca
1598,Moreno_230,Roma
1599,Moreno_230,Roma
1600,Moreno_230,Roma
1601,Moreno_231,Alba
1602,Moreno_231,Austria
1603,Moreno_231,Esclavonia
1604,Moreno_231,España
1605,Moreno_231,Mantuca
1606,Moreno_231,Roma
1607,Moreno_231,Roma
1608,Moreno_231,Roma
1609,Moreno_232,Ginebra
1610,Moreno_232,Inglaterra
1611,Moreno_233,Ginebra
1612,Moreno_233,Inglaterra
1613,Moreno_234,Almona
1614,Moreno_234,Molino
1615,Moreno_234,Molino de
1616,Moreno_235,Araviana
1617,Moreno_235,Araviana
1618,Moreno_235,Guadiano
1619,Moreno_235,torre de
1620,Moreno_236,Albania
1621,Moreno_236,Albania
1622,Moreno_236,Albania
1623,Moreno_236,Albania
1624,Moreno_236,Albania
1625,Moreno_236,DINAMARCA
1626,Moreno_236,DINAMARCA
1627,Moreno_236,Dinamarca
1628,Moreno_236,Dinamarca
1629,Moreno_236,Dinamarca
1630,Moreno_236,Dinamarca
1631,Moreno_236,Dinamarca
1632,Moreno_236,Dinamarca
1633,Moreno_236,Dinamarca
1634,Moreno_236,Dinamarca
1635,Moreno_236,Dinamarca
1636,Moreno_236,Dinamarca
1637,Moreno_236,Dinamarca
1638,Moreno_236,Dinamarca
1639,Moreno_236,Dinamarca
1640,Moreno_236,Suecia
1641,Moreno_237,Albania
1642,Moreno_237,Albania
1643,Moreno_237,Albania
1644,Moreno_237,Albania
1645,Moreno_237,Albania
1646,Moreno_237,DINAMARCA
1647,Moreno_237,DINAMARCA
1648,Moreno_237,Dinamarca
1649,Moreno_237,Dinamarca
1650,Moreno_237,Dinamarca
1651,Moreno_237,Dinamarca
1652,Moreno_237,Dinamarca
1653,Moreno_237,Dinamarca
1654,Moreno_237,Dinamarca
1655,Moreno_237,Dinamarca
1656,Moreno_237,Dinamarca
1657,Moreno_237,Dinamarca
1658,Moreno_237,Dinamarca
1659,Moreno_237,Dinamarca
1660,Moreno_237,Dinamarca
1661,Moreno_237,Dinamarca
1662,Moreno_237,Suecia
1663,Moreno_238,calle del
1664,Moreno_239,Albania
1665,Moreno_239,Alemania
1666,Moreno_239,Arcos de
1667,Moreno_239,Argel
1668,Moreno_239,Brasil
1669,Moreno_239,Buenos-Aires
1670,Moreno_239,Colom
1671,Moreno_239,Flandes
1672,Moreno_239,Gante
1673,Moreno_239,Menorca
1674,Moreno_239,Olanda
1675,Moreno_239,Venecia
1676,Moreno_240,Belén
1677,Moreno_242,Beyro
1678,Moreno_242,España
1679,Moreno_242,España
1680,Moreno_242,Olofernes
1681,Moreno_243,Beyro
1682,Moreno_243,España
1683,Moreno_243,España
1684,Moreno_243,Olofernes
1685,Moreno_244,Andalucía
1686,Moreno_244,Cartagena
1687,Moreno_244,Gibraltar
1688,Moreno_244,Murcia
1689,Moreno_244,Oriente
1690,Moreno_245,Indias
1691,Moreno_245,Indias
1692,Moreno_248,Andalucía
1693,Moreno_248,HABANA
1694,Moreno_248,Oriente
1695,Moreno_249,Oriente
1696,Moreno_250,Campo Santo
1697,Moreno_251,Alhambra
1698,Moreno_251,Luzbel
1699,Moreno_253,España
1700,Moreno_253,Gomera
1701,Moreno_253,Habana
1702,Moreno_253,Isleta
1703,Moreno_254,Portugal
1704,Moreno_257,Livia
1705,Moreno_259,Almeria
1706,Moreno_259,Barcelona
1707,Moreno_259,Buenos-Aires
1708,Moreno_259,China
1709,Moreno_259,Cuba
1710,Moreno_259,Cádiz
1711,Moreno_259,Habana
1712,Moreno_259,Habana
1713,Moreno_259,Jerusalen
1714,Moreno_259,Jérusalen
1715,Moreno_259,Londres
1716,Moreno_259,Malaga
1717,Moreno_259,Matanzas
1718,Moreno_259,Nápoles
1719,Moreno_259,Origuilla
1720,Moreno_259,Pamplona
1721,Moreno_259,Puerto-Rico
1722,Moreno_259,Puerto-Rico
1723,Moreno_259,Santo Domingo
1724,Moreno_259,Santo Domingo
1725,Moreno_259,Sevilla
1726,Moreno_259,Tolon
1727,Moreno_259,Turquia
1728,Moreno_259,Valencia
1729,Moreno_259,Valladolid
1730,Moreno_259,Vera-Cruz
1731,Moreno_259,santa Ana
1732,Moreno_260,España
1733,Moreno_260,Gibraltá
1734,Moreno_260,Jere
1735,Moreno_260,Ronda
1736,Moreno_261,Andalusía
1737,Moreno_261,Francia
1738,Moreno_261,Inglaterra
1739,Moreno_261,Parí
1740,Moreno_261,Santa Maria
1741,Moreno_261,Triana
1742,Moreno_262,Andalusia
1743,Moreno_262,Francia
1744,Moreno_262,Garitana
1745,Moreno_262,Inglaterra
1746,Moreno_262,Santa Maria
1747,Moreno_262,Triana
1748,Moreno_264,Francia
1749,Moreno_264,Ingalaterra
1750,Moreno_264,Jeré
1751,Moreno_264,Seviya
1752,Moreno_264,Seviya
1753,Moreno_265,Francia
1754,Moreno_265,Ingalaterra
1755,Moreno_265,Jeré
1756,Moreno_265,Seviya
1757,Moreno_265,Seviya
1758,Moreno_266,Manila
1759,Moreno_266,Vallaslí
1760,Moreno_267,Antonio
1761,Moreno_267,Manila
1762,Moreno_267,Vallaolí
1763,Moreno_268,Andalucia
1764,Moreno_268,Londre
1765,Moreno_268,Manila
1766,Moreno_268,Perú
1767,Moreno_268,españó
1768,Moreno_269,Andalusia
1769,Moreno_269,Londre
1770,Moreno_269,Perú
1771,Moreno_270,Cartágo
1772,Moreno_271,Andalusia
1773,Moreno_271,Andalusía
1774,Moreno_271,Córdoba
1775,Moreno_271,Córdoba
1776,Moreno_271,Roma
1777,Moreno_272,Albania
1778,Moreno_272,Arabia
1779,Moreno_272,Grecia
1780,Moreno_272,Grecia
1781,Moreno_273,Ceuta
1782,Moreno_273,Ceuta
1783,Moreno_273,cigüeña
1784,Moreno_274,Cadiz
1785,Moreno_274,Cadiz
1786,Moreno_274,Gibrartá
1787,Moreno_274,Gibrartá
1788,Moreno_274,Medina
1789,Moreno_275,España
1790,Moreno_275,Pirineo
1791,Moreno_275,Sevilla
1792,Moreno_275,Seviya
1793,Moreno_275,Seviya
1794,Moreno_276,Cabra
1795,Moreno_276,Castilleja
1796,Moreno_276,Castilleja
1797,Moreno_276,Lucena
1798,Moreno_276,Prado
1799,Moreno_276,Sevilla
1800,Moreno_276,calle
1801,Moreno_276,calle Nueva
1802,Moreno_277,Arabia
1803,Moreno_277,Galiléa
1804,Moreno_277,Monte Sinaí
1805,Moreno_277,Nazareth
1806,Moreno_280,España
1807,Moreno_281,Ubeda
1808,Moreno_282,Ceuta
1809,Moreno_282,Collado
1810,Moreno_282,Melilla
1811,Moreno_282,calle de
1812,Moreno_282,calle de
1813,Moreno_283,California
1814,Moreno_283,Francia
1815,Moreno_283,Francia
1816,Moreno_283,Habana
1817,Moreno_283,Troya
1818,Moreno_284,Almería
1819,Moreno_284,España
1820,Moreno_284,Gibraltar
1821,Moreno_284,Italia
1822,Moreno_284,Italia
1823,Moreno_284,Italia
1824,Moreno_284,Italia
1825,Moreno_284,Lisboa
1826,Moreno_284,Lisboa
1827,Moreno_284,Lisboa
1828,Moreno_284,Lisboa
1829,Moreno_284,Portugal
1830,Moreno_284,Portugal
1831,Moreno_284,Portugal
1832,Moreno_284,Sicilia
1833,Moreno_285,DINAMARCA
1834,Moreno_285,Dinamarca
1835,Moreno_285,Dinamarca
1836,Moreno_285,Dinamarca
1837,Moreno_285,Dinamarca
1838,Moreno_285,Dinamarca
1839,Moreno_285,Dinamarca
1840,Moreno_285,Dinamarca
1841,Moreno_285,ESPARTA
1842,Moreno_285,Esparta
1843,Moreno_285,Esparta
1844,Moreno_285,Esparta
1845,Moreno_285,Frigia
1846,Moreno_287,Perpiñan
1847,Moreno_288,España
1848,Moreno_289,Argel
1849,Moreno_289,Argel
1850,Moreno_289,Argel
1851,Moreno_289,Argél
1852,Moreno_289,Barcelona
1853,Moreno_289,Berberia
1854,Moreno_289,España
1855,Moreno_289,España
1856,Moreno_289,Gerona
1857,Moreno_289,Sosvilla
1858,Moreno_289,Tarragona
1859,Moreno_289,Tarragona
1860,Moreno_289,plaza de
1861,Moreno_290,MADRID
1862,Moreno_290,Madrid
1863,Moreno_290,Madrid
1864,Moreno_290,Oriente
1865,Moreno_290,Prado
1866,Moreno_290,SEVILLA
1867,Moreno_290,Sevilla
1868,Moreno_290,Sevilla
1869,Moreno_290,Triana
1870,Moreno_290,barrio de
1871,Moreno_291,Andalucía
1872,Moreno_291,Habana
1873,Moreno_292,Alemania
1874,Moreno_292,Alicante
1875,Moreno_292,Almagro
1876,Moreno_292,Andujar
1877,Moreno_292,Barcelona
1878,Moreno_292,Cruz del
1879,Moreno_292,Cádiz
1880,Moreno_292,Genoya
1881,Moreno_292,Gibraltar
1882,Moreno_292,Gibraltar
1883,Moreno_292,Jaen
1884,Moreno_292,Jerez
1885,Moreno_292,Madrid
1886,Moreno_292,Manrique
1887,Moreno_292,Marsella
1888,Moreno_292,Milán
1889,Moreno_292,Santa Ana
1890,Moreno_292,Sierra Morena
1891,Moreno_292,Valencia
1892,Moreno_292,Zaragoza
1893,Moreno_294,Alberique
1894,Moreno_294,Alhucemas
1895,Moreno_294,Andalucia
1896,Moreno_294,Andalucia
1897,Moreno_294,Andalucia
1898,Moreno_294,Brest
1899,Moreno_294,Bugarra
1900,Moreno_294,Caudiel
1901,Moreno_294,Chelva
1902,Moreno_294,Chestalgar
1903,Moreno_294,Chestalgar
1904,Moreno_294,Cúllar de
1905,Moreno_294,España
1906,Moreno_294,España
1907,Moreno_294,Francia
1908,Moreno_294,Gibraltar
1909,Moreno_294,Lisboa
1910,Moreno_294,Madrid
1911,Moreno_294,Malaga
1912,Moreno_294,Malaga
1913,Moreno_294,Mojonera
1914,Moreno_294,Navarra
1915,Moreno_294,Navarra
1916,Moreno_294,Pedralva
1917,Moreno_294,Pedralva
1918,Moreno_294,Pedralva
1919,Moreno_294,Pedralva
1920,Moreno_294,Pedralva
1921,Moreno_294,Pedralva
1922,Moreno_294,Pedralva
1923,Moreno_294,Portugal
1924,Moreno_294,Portugal
1925,Moreno_294,Portugal
1926,Moreno_294,Requena
1927,Moreno_294,Santa Cruz
1928,Moreno_294,Talavera
1929,Moreno_294,Talavera
1930,Moreno_294,Talavera
1931,Moreno_294,Valencia
1932,Moreno_294,Valencia
1933,Moreno_294,Valencia
1934,Moreno_294,Valencia
1935,Moreno_294,Valencia
1936,Moreno_294,Valencia
1937,Moreno_294,Villamarchante
1938,Moreno_294,de
1939,Moreno_294,plaza del
1940,Moreno_294,torre de
1941,Moreno_294,torre de
1942,Moreno_296,Cevilla
1943,Moreno_296,Cevilla
1944,Moreno_296,España
1945,Moreno_296,Gibraltá
1946,Moreno_296,Melilla
1947,Moreno_296,Melilla
1948,Moreno_296,Síviya
1949,Moreno_296,Triana
1950,Moreno_296,Valencia
1951,Moreno_297,Puerto
1952,Moreno_297,Puerto Real
1953,Moreno_298,Antioquia
1954,Moreno_298,Egipto
1955,Moreno_298,Egipto
1956,Moreno_298,Israel
1957,Moreno_298,Jordan
1958,Moreno_298,Líbano
1959,Moreno_298,Nilo
1960,Moreno_298,Samaria
1961,Moreno_298,Siria
1962,Moreno_298,Siria
1963,Moreno_298,Tigris
1964,Moreno_298,Tiro
1965,Moreno_299,Libia
1966,Moreno_300,Antequera
1967,Moreno_300,Cabra
1968,Moreno_300,Campillos
1969,Moreno_300,Campillos
1970,Moreno_300,Córdoba
1971,Moreno_300,Francia
1972,Moreno_300,Lucena
1973,Moreno_300,Lucena
1974,Moreno_300,Lucena
1975,Moreno_301,Getsemaní
1976,Moreno_301,JEREZ
1977,Moreno_301,Jerez
1978,Moreno_301,Jerusalen
1979,Moreno_302,Arcos
1980,Moreno_302,Arcos de
1981,Moreno_302,Cuenca
1982,Moreno_302,rio de
1983,Moreno_303,Andujar
1984,Moreno_303,Badajoz
1985,Moreno_303,Carpio
1986,Moreno_303,Ciudad-Rodrigo
1987,Moreno_303,Córdoba
1988,Moreno_303,Córdoba
1989,Moreno_303,Ecija
1990,Moreno_303,Gibraltar
1991,Moreno_303,Jaen
1992,Moreno_303,Jaen
1993,Moreno_303,Juan
1994,Moreno_303,Zafra
1995,Moreno_303,fuente del
1996,Moreno_304,Ginebra
1997,Moreno_304,Ginebra
1998,Moreno_305,España
1999,Moreno_305,Francia
2000,Moreno_305,Francia
2001,Moreno_305,Irlanda
2002,Moreno_305,Irlanda
2003,Moreno_305,Irlanda
2004,Moreno_305,Italia
2005,Moreno_305,Perpiñan
2006,Moreno_305,Perpiñan
2007,Moreno_305,Valencia
2008,Moreno_305,lnglaterra
2009,Moreno_306,Inglaterra
2010,Moreno_306,Italia
2011,Moreno_306,Lombardía
2012,Moreno_306,Lombardía
2013,Moreno_306,Lóndres
2014,Moreno_306,Pavia
2015,Moreno_308,Amarilis
2016,Moreno_308,Constantinopla
2017,Moreno_308,Constantinopla
2018,Moreno_308,Turquía
2019,Moreno_308,Valencia
2020,Moreno_308,Valencia
2021,Moreno_310,Barrio de
2022,Moreno_310,España
2023,Moreno_310,España
2024,Moreno_310,Jerez
2025,Moreno_310,SEVILLA
2026,Moreno_310,SEVILLA
2027,Moreno_310,Sevilla
2028,Moreno_310,Sevilla
2029,Moreno_310,Sevilla
2030,Moreno_310,Sevilla
2031,Moreno_310,Sevilla
2032,Moreno_310,Tarifa
2033,Moreno_310,Triana
2034,Moreno_310,Triana
2035,Moreno_311,Algaravia
2036,Moreno_311,Alhambra
2037,Moreno_311,España
2038,Moreno_311,España
2039,Moreno_311,Geníl
2040,Moreno_311,Granada
2041,Moreno_311,Granada
2042,Moreno_311,Granada
2043,Moreno_311,Granada
2044,Moreno_311,Granada
2045,Moreno_311,Granada
2046,Moreno_311,Granada
2047,Moreno_311,Granada
2048,Moreno_311,Granada
2049,Moreno_311,Herreria
2050,Moreno_311,Santa Fé
2051,Moreno_311,Santa Fé
2052,Moreno_311,Santa Fé
2053,Moreno_311,Santa Fé
2054,Moreno_311,Santa Fé
2055,Moreno_311,Santa Fé
2056,Moreno_311,Santa Fé.
2057,Moreno_311,Tanger
2058,Moreno_311,Vega
2059,Moreno_311,Vega
2060,Moreno_311,Vivarrambla
2061,Moreno_311,Vivarrambla
2062,Moreno_311,Vivarrambla
2063,Moreno_311,Vivarrambla
2064,Moreno_311,Zacatin
2065,Moreno_311,Zuriza
2066,Moreno_312,Ceuta
2067,Moreno_312,España
2068,Moreno_312,Lima
2069,Moreno_312,Málaga
2070,Moreno_312,Percher
2071,Moreno_312,Perché
2072,Moreno_312,Siviya
2073,Moreno_312,Siviya
2074,Moreno_314,Andalucía
2075,Moreno_314,Baena
2076,Moreno_314,Baena
2077,Moreno_314,Cadiz
2078,Moreno_314,Cadiz
2079,Moreno_314,Cauta
2080,Moreno_314,Ceuta
2081,Moreno_314,Córdoba
2082,Moreno_314,España
2083,Moreno_314,Granada
2084,Moreno_314,Granada
2085,Moreno_314,Granada
2086,Moreno_314,Herrera
2087,Moreno_314,Herrera
2088,Moreno_314,Herrera
2089,Moreno_314,Jaen
2090,Moreno_314,Jaen
2091,Moreno_314,Jaen
2092,Moreno_314,Jerez
2093,Moreno_314,Jerez
2094,Moreno_314,Jerez de
2095,Moreno_314,Jerez de
2096,Moreno_314,Jerez de
2097,Moreno_314,Luque
2098,Moreno_314,Luque
2099,Moreno_314,Luque
2100,Moreno_314,Osuna
2101,Moreno_314,Osuna
2102,Moreno_314,Osuna
2103,Moreno_314,Osuna
2104,Moreno_314,Osuna
2105,Moreno_314,Osúña
2106,Moreno_314,Sevilla
2107,Moreno_314,Torre Campo
2108,Moreno_314,Torre Campo
2109,Moreno_314,Villa Martin
2110,Moreno_314,Villa Martin
2111,Moreno_314,Zujeros
2112,Moreno_316,Belén
2113,Moreno_316,Egipto
2114,Moreno_316,Egipto
2115,Moreno_316,Egipto
2116,Moreno_316,Egipto
2117,Moreno_316,Galilea
2118,Moreno_316,Jerusalen
2119,Moreno_316,Nazareth
2120,Moreno_316,Nazareth
2121,Moreno_316,Oriente
2122,Moreno_316,Oriente
2123,Moreno_316,lsrael
2124,Moreno_318,CANARIAS
2125,Moreno_318,CASTILLA LA
2126,Moreno_318,CASTILLA LA
2127,Moreno_318,Castilla la
2128,Moreno_318,ESPAÑA
2129,Moreno_318,ESPAÑA
2130,Moreno_318,España
2131,Moreno_318,España
2132,Moreno_318,Habana
2133,Moreno_318,Inglaterra
2134,Moreno_318,MADRID
2135,Moreno_318,Madrid
2136,Moreno_318,Madrid
2137,Moreno_318,Madrid
2138,Moreno_318,Mancha
2139,Moreno_318,Navarra
2140,Moreno_318,Valencia
2141,Moreno_319,Aragon
2142,Moreno_319,Chipre
2143,Moreno_319,Córdoba
2144,Moreno_319,España
2145,Moreno_319,España
2146,Moreno_319,España
2147,Moreno_319,Julian
2148,Moreno_319,Marte
2149,Moreno_319,Milan
2150,Moreno_319,Nápoles
2151,Moreno_319,Nápoles
2152,Moreno_319,Roma
2153,Moreno_319,Roma
2154,Moreno_319,Valencia
2155,Moreno_319,Valencia
2156,Moreno_319,Valencia
2157,Moreno_320,Acebedo
2158,Moreno_320,Almería
2159,Moreno_320,América
2160,Moreno_320,Castilla
2161,Moreno_320,España
2162,Moreno_320,Parayuelos
2163,Moreno_320,Segovia
2164,Moreno_320,Tajo
2165,Moreno_320,Tolédo
2166,Moreno_320,Tolédo
2167,Moreno_320,Tolédo
2168,Moreno_321,Alva
2169,Moreno_321,Argel
2170,Moreno_321,BARGAS
2171,Moreno_321,BARGAS
2172,Moreno_321,Barcelona
2173,Moreno_321,Barcelona
2174,Moreno_321,Barcelona
2175,Moreno_321,Barcelona
2176,Moreno_321,Barcelona
2177,Moreno_321,Barcelona
2178,Moreno_321,Barcelona
2179,Moreno_321,Barcelona
2180,Moreno_321,Barcelona
2181,Moreno_321,Bargas
2182,Moreno_321,Bargas
2183,Moreno_321,Bargas
2184,Moreno_321,Bargas
2185,Moreno_321,Bargas
2186,Moreno_321,Ceuta
2187,Moreno_321,Ceuta
2188,Moreno_321,Ceuta
2189,Moreno_322,Argél
2190,Moreno_322,BARGAS
2191,Moreno_322,Barcelona
2192,Moreno_322,Barcelona
2193,Moreno_322,Barcelona
2194,Moreno_322,Barcelona
2195,Moreno_322,Barcelona
2196,Moreno_322,Barcelona
2197,Moreno_322,Barcelona
2198,Moreno_322,Barcelona
2199,Moreno_322,Barceloná
2200,Moreno_322,Bargas
2201,Moreno_322,Bargas
2202,Moreno_322,Bargas
2203,Moreno_322,Bargas
2204,Moreno_322,Bargas
2205,Moreno_322,Ceuta
2206,Moreno_322,Ceuta
2207,Moreno_322,Ceuta
2208,Moreno_322,Ceuta
2209,Moreno_322,Mequinéz
2210,Moreno_324,Barquillo
2211,Moreno_325,Africa
2212,Moreno_325,España
2213,Moreno_325,España
2214,Moreno_325,España
2215,Moreno_325,MADRID
2216,Moreno_325,Madrid
2217,Moreno_325,Madrid
2218,Moreno_325,Vicaría
2219,Moreno_325,calle de
2220,Moreno_326,Alcántara
2221,Moreno_326,España
2222,Moreno_326,Italia
2223,Moreno_326,Jerusalen
2224,Moreno_327,España
2225,Moreno_327,Indias
2226,Moreno_327,Zaragoza
2227,Moreno_328,ANDALUCIA
2228,Moreno_328,Andalucia
2229,Moreno_328,Andalucia
2230,Moreno_328,Asia
2231,Moreno_328,China
2232,Moreno_328,Francia
2233,Moreno_328,Moreria
2234,Moreno_328,Turquia
2235,Moreno_329,Andalucia
2236,Moreno_329,Gibraltar
2237,Moreno_331,España
2238,Moreno_331,Inglaterra
2239,Moreno_332,Andalucia
2240,Moreno_332,Manila
2241,Moreno_333,Albacete
2242,Moreno_333,Albacete
2243,Moreno_333,Alfocea
2244,Moreno_333,Almeria
2245,Moreno_333,Andalucia
2246,Moreno_333,Aragon
2247,Moreno_333,Aragon
2248,Moreno_333,Aragon
2249,Moreno_333,Aragon
2250,Moreno_333,Aragon
2251,Moreno_333,Barcelona
2252,Moreno_333,Belchite
2253,Moreno_333,Calatayud
2254,Moreno_333,Caspe
2255,Moreno_333,Doña Juana
2256,Moreno_333,Ebro
2257,Moreno_333,Guadalajara
2258,Moreno_333,Laragoza
2259,Moreno_333,Madrid
2260,Moreno_333,Turquia
2261,Moreno_333,calle de
2262,Moreno_333,de
2263,Moreno_334,Albacete
2264,Moreno_334,Albacete
2265,Moreno_334,Alfocea
2266,Moreno_334,Almeria
2267,Moreno_334,Andalúcia
2268,Moreno_334,Aragon
2269,Moreno_334,Aragon
2270,Moreno_334,Aragon
2271,Moreno_334,Aragon
2272,Moreno_334,Aragon
2273,Moreno_334,Barcelona
2274,Moreno_334,Belchite
2275,Moreno_334,Calatayud
2276,Moreno_334,Ebro
2277,Moreno_334,Guadalajara
2278,Moreno_334,Madrid
2279,Moreno_334,Soto de
2280,Moreno_334,Turquía
2281,Moreno_334,calle de
2282,Moreno_335,Africa
2283,Moreno_335,Africa
2284,Moreno_335,Albuera
2285,Moreno_335,Alcor
2286,Moreno_335,Algeciras
2287,Moreno_335,Barbastro
2288,Moreno_335,Castillejos
2289,Moreno_335,Ceuta
2290,Moreno_335,Ceuta
2291,Moreno_335,España
2292,Moreno_335,Madrid
2293,Moreno_335,Málaga
2294,Moreno_335,Santa Isabel
2295,Moreno_335,Sevilla
2296,Moreno_335,Simancas
2297,Moreno_335,Viso
2298,Moreno_335,torre de
2299,Moreno_336,AFRICA
2300,Moreno_336,España
2301,Moreno_336,España
2302,Moreno_336,Fondác
2303,Moreno_336,Leon
2304,Moreno_336,Melilla
2305,Moreno_336,Melilla
2306,Moreno_336,Santa Cruz
2307,Moreno_336,Tanger
2308,Moreno_336,Tetuan
2309,Moreno_336,Tetuan
2310,Moreno_336,Tetuan
2311,Moreno_337,AFRICA
2312,Moreno_337,Arabia
2313,Moreno_337,Cabo Negro
2314,Moreno_337,Cantábria
2315,Moreno_337,Castilla
2316,Moreno_337,Espana
2317,Moreno_337,España
2318,Moreno_337,Hanura
2319,Moreno_337,Jelelis
2320,Moreno_337,Martin
2321,Moreno_337,Málaga
2322,Moreno_337,Sierra Bermeja
2323,Moreno_337,Simancas
2324,Moreno_337,Tetuan
2325,Moreno_337,lberia
2326,Moreno_338,Africa
2327,Moreno_338,Almería
2328,Moreno_338,España
2329,Moreno_338,España
2330,Moreno_338,España
2331,Moreno_338,España
2332,Moreno_338,España
2333,Moreno_338,España
2334,Moreno_338,Marruecos
2335,Moreno_338,Tanger
2336,Moreno_338,Tetuan
2337,Moreno_338,Tetuan
2338,Moreno_338,Tetuan
2339,Moreno_338,Tetuan
2340,Moreno_338,Tánger
2341,Moreno_339,AFRICA
2342,Moreno_339,Alcor
2343,Moreno_339,Cataluña
2344,Moreno_339,Lucena
2345,Moreno_339,Lucena
2346,Moreno_339,Sevilla
2347,Moreno_340,Sevilla
2348,Moreno_340,Viso del
2349,Moreno_341,Alcor
2350,Moreno_341,Calatayud
2351,Moreno_341,Sevilla
2352,Moreno_342,Alcor
2353,Moreno_342,Alcovilla
2354,Moreno_342,Jerez
2355,Moreno_342,Jerez de
2356,Moreno_342,Montejil
2357,Moreno_342,Sevilla
2358,Moreno_342,Sevilla
2359,Moreno_342,Viso
2360,Moreno_342,calle Limones
2361,Moreno_343,Alcor
2362,Moreno_343,Bilbao
2363,Moreno_343,Bilbao
2364,Moreno_343,Bilbao
2365,Moreno_343,Bilbao
2366,Moreno_343,Bilbao
2367,Moreno_343,Bilbao
2368,Moreno_343,Bilbao
2369,Moreno_343,Luchana
2370,Moreno_343,Sevilla
2371,Moreno_343,Viso del
2372,Moreno_343,puente
2373,Moreno_347,Navarra
2374,Moreno_348,Albuidon
2375,Moreno_348,Albuidon
2376,Moreno_348,Albuidon
2377,Moreno_348,Tarancon
2378,Moreno_348,Tarancon
2379,Moreno_349,Madrid
2380,Moreno_349,Troya
2381,Moreno_349,calle de
2382,Moreno_350,Madrid
2383,Moreno_350,Troya
2384,Moreno_350,calle de
2385,Moreno_350,de Dios
2386,Moreno_352,Barcelona
2387,Moreno_352,Pirineos
2388,Moreno_354,Alcór
2389,Moreno_354,Aragon
2390,Moreno_354,Benifazar
2391,Moreno_354,Bilbao
2392,Moreno_354,Carboneras
2393,Moreno_354,Carmona
2394,Moreno_354,Cuenca
2395,Moreno_354,Sevilla
2396,Moreno_354,Sevilla
2397,Moreno_354,Victoria
2398,Moreno_354,Viso del
2399,Moreno_354,de San
2400,Moreno_355,Alcañí
2401,Moreno_355,Alcor
2402,Moreno_355,Carmona
2403,Moreno_355,Morella
2404,Moreno_355,Morella
2405,Moreno_355,Sevilla
2406,Moreno_355,Sevilla
2407,Moreno_356,Cadiz
2408,Moreno_356,torre de
2409,Moreno_357,España
2410,Moreno_357,España
2411,Moreno_357,Grecia
2412,Moreno_357,Guadalquivir
2413,Moreno_357,Madrid
2414,Moreno_357,Madrid
2415,Moreno_357,Madrid
2416,Moreno_357,Madrid
2417,Moreno_357,Madrid
2418,Moreno_357,Madrid
2419,Moreno_357,Madrid
2420,Moreno_357,Roma
2421,Moreno_357,Sevilla
2422,Moreno_357,Sevilla
2423,Moreno_357,Sevilla
2424,Moreno_357,Sevilla
2425,Moreno_358,Francia
2426,Moreno_358,Francia
2427,Moreno_358,Francia
2428,Moreno_358,Francia
2429,Moreno_360,Astiria
2430,Moreno_360,Caria
2431,Moreno_360,Egipto
2432,Moreno_360,España
2433,Moreno_360,Europa
2434,Moreno_360,Lidia
2435,Moreno_360,Parnaso
2436,Moreno_360,Rodas
2437,Moreno_360,Roma
2438,Moreno_360,Sicilia
2439,Moreno_361,Angola
2440,Moreno_361,España
2441,Moreno_361,Roma
2442,Moreno_363,Palestina
2443,Moreno_364,Sagrario
2444,Moreno_364,Salvador
2445,Moreno_365,Carmona
2446,Moreno_365,Moreno
2447,Moreno_366,Andia
2448,Moreno_366,Cuarte
2449,Moreno_366,Cuarte
2450,Moreno_366,Cádiz
2451,Moreno_366,España
2452,Moreno_366,Filipinas
2453,Moreno_366,Francia
2454,Moreno_366,Francia
2455,Moreno_366,Francia
2456,Moreno_366,Granada
2457,Moreno_366,Jaca
2458,Moreno_366,Madrid
2459,Moreno_366,Madrid
2460,Moreno_366,Maria
2461,Moreno_366,Monzon
2462,Moreno_366,París
2463,Moreno_366,Sevilla
2464,Moreno_366,calle Trinidad
2465,Moreno_366,calle san
2466,Moreno_367,Andia
2467,Moreno_367,Cuarte
2468,Moreno_367,Cuarte
2469,Moreno_367,Cádiz
2470,Moreno_367,Córtes
2471,Moreno_367,España
2472,Moreno_367,Filipinas
2473,Moreno_367,Francia
2474,Moreno_367,Francia
2475,Moreno_367,Francia
2476,Moreno_367,Granada
2477,Moreno_367,Jaca
2478,Moreno_367,Madrid
2479,Moreno_367,Madrid
2480,Moreno_367,Maria
2481,Moreno_367,Monzon
2482,Moreno_367,París
2483,Moreno_367,Sevilla
2484,Moreno_367,calle Trinidad
2485,Moreno_367,calle san
2486,Moreno_368,Argel
2487,Moreno_368,Argel
2488,Moreno_368,Argel
2489,Moreno_368,Castilla
2490,Moreno_368,España
2491,Moreno_368,España
2492,Moreno_368,Gaditano
2493,Moreno_368,Portugal
2494,Moreno_368,Sevilla
2495,Moreno_368,Sevilla
2496,Moreno_368,Sevilla
2497,Moreno_368,Sevilla
2498,Moreno_368,Sevilla
2499,Moreno_368,Sévilla
2500,Moreno_369,Cadiz
2501,Moreno_369,Jeréz
2502,Moreno_369,Melo
2503,Moreno_369,Puerto de
2504,Moreno_369,Rota
2505,Moreno_369,San Lucar
2506,Moreno_369,Santa
2507,Moreno_369,Santa Maria
2508,Moreno_369,de
2509,Moreno_370,Palencia
2510,Moreno_371,Asia
2511,Moreno_373,Prado
2512,Moreno_374,Africa
2513,Moreno_374,Almería
2514,Moreno_374,España
2515,Moreno_374,España
2516,Moreno_374,España
2517,Moreno_374,España
2518,Moreno_374,España
2519,Moreno_374,España
2520,Moreno_374,Marruecos
2521,Moreno_374,Oriente
2522,Moreno_374,TETUAN
2523,Moreno_374,Tetuan
2524,Moreno_374,Tetuan
2525,Moreno_374,Tetuan
2526,Moreno_374,Tánger
2527,Moreno_374,Tárger
